keyword,score
gilgit tour package price,88
naran kaghan tour packages price,85
is naran kaghan open for tourist,69
hunza valley trip cost,63
is it safe to travel to hunza valley,54
skardu trip cost from karachi,53
trips to northern areas,50
is skardu open for tourism,39
skardu trip cost from lahore,39
gilgit baltistan tour package from islamabad,32
is gilgit safe for tourists,29
gilgit baltistan tour package from karachi,23
fairy meadows trip cost,23
gilgit baltistan tour package from india,21
northern areas tour packages from karachi,21
gilgit baltistan tour package from lahore,20
fairy meadows tour packages from lahore,20
northern areas tour packages from lahore,20
naran kaghan tour packages price from lahore,19
skardu tour packages from lahore by road,18
hunza tour packages for couple,18
hunza skardu tour packages from karachi,17
skardu tour packages from islamabad by air,16
northern areas tour packages from islamabad,16
hunza tour packages from lahore price,15
naran kaghan tour packages from islamabad,15
naran kaghan tour packages from karachi,15
skardu tour packages from lahore by air,14
skardu tour packages by road,14
is it safe to travel to skardu,14
hunza tour packages by air,14
skardu tour packages from islamabad by road,13
skardu tour packages by air price,13
gilgit tour package from lahore,13
gilgit baltistan tour package,13
naran kaghan tour packages from lahore,13
naran kaghan tour from islamabad,13
northern areas tour packages from multan,13
skardu tour packages from lahore,12
skardu tour packages from islamabad,12
skardu tour packages for couple,12
hunza skardu tour packages from lahore,12
hunza tour packages from islamabad,12
gilgit baltistan tour planners,12
gilgit baltistan tour planners office lahore reviews,12
naran kaghan tour packages from sialkot,12
naran kaghan tour packages from faisalabad,12
naran kaghan tour packages from rawalpindi,12
naran kaghan tour from islamabad price,12
naran kaghan trip from karachi,12
naran kaghan trip from lahore,12
naran kaghan trip from islamabad,12
skardu tour packages from karachi,11
skardu tour packages from karachi by road,11
hunza valley tour packages from lahore,11
hunza valley tour packages from islamabad,11
hunza valley tour packages from karachi,11
naran kaghan tour packages from gujranwala,11
naran kaghan tour packages from multan,11
naran kaghan tour from lahore,11
naran kaghan tour from karachi,11
fairy meadows tour packages from karachi,11
northern areas tour packages from faisalabad,11
northern areas trip from karachi,11
skardu tour packages by road price,10
skardu tour packages from lahore price,10
skardu tour packages from islamabad price,10
fairy meadows tour packages from islamabad,10
northern areas trip from islamabad,10
skardu tour packages price,9
skardu tour packages from islamabad by air price,9
skardu tour packages for family,9
hunza skardu tour packages from islamabad,9
hunza tour packages from lahore,9
hunza tour packages from faisalabad,9
gilgit baltistan tour organizer,9
naran kaghan tour packages 2025 from lahore,9
naran kaghan tour packages 2025 from karachi,9
naran kaghan tour from faisalabad,9
pakistan northern areas tour packages from karachi,9
pakistan northern areas tour packages from islamabad,9
skardu tour packages from faisalabad,8
skardu tour packages from islamabad by road price,8
skardu trip from islamabad,8
skardu trip from karachi,8
hunza trip from lahore,8
gilgit baltistan tour planners office reviews,8
gilgit baltistan tour planners office lahore,8
naran kaghan tour packages 2025 price,8
pakistan northern areas tour packages from lahore,8
northern areas tour from islamabad,8
northern areas trip from lahore,8
skardu tour packages 3 days,7
skardu tour from karachi,7
skardu trip from islamabad price,7
hunza tour packages from karachi,7
hunza valley tour packages from india,7
hunza tour package price,7
hunza tour from lahore,7
hunza tour from karachi,7
hunza trip from islamabad,7
hunza trip from karachi,7
hunza trip by air,7
hunza trip cost from islamabad,7
hunza trip cost from lahore,7
hunza trip cost from karachi,7
naran kaghan trip packages from lahore,7
skardu tour packages,6
skardu tour packages 2026,6
skardu tour packages from multan,6
skardu tour packages from karachi price,6
skardu tour packages from lahore by road price,6
skardu travel packages from karachi,6
skardu travel packages from lahore,6
skardu tour from islamabad,6
skardu trip by air,6
skardu deosai tour,6
skardu trip from lahore,6
skardu trip package from karachi,6
hunza tour packages,6
gilgit hunza tour packages,6
hunza tour from islamabad,6
hunza tour by air,6
hunza trip from faisalabad,6
gilgit tour package,6
gilgit tour by air,6
gilgit baltistan tour,6
naran kaghan tour packages,6
naran kaghan tour from multan,6
naran kaghan tour price,6
naran kaghan trip from multan,6
fairy meadows tour price,6
fairy meadows trip from lahore,6
deosai tour packages,6
gilgit baltistan tour planners office lahore photos,6
northern areas tour packages,6
northern areas tour from karachi,6
northern areas for tour,6
skardu tour packages by air from lahore,5
skardu tour packages by air from karachi,5
skardu tour from lahore,5
skardu tour by air,5
skardu trip cost from islamabad,5
skardu trip for couple,5
skardu tour by air package,5
skardu tour 5 days,5
skardu trip from lahore by air,5
hunza tour packages 2026,5
naran kaghan hunza tour packages,5
hunza travel from islamabad,5
hunza tour in december,5
how to travel to hunza valley,5
gilgit baltistan tourism department,5
gilgit baltistan tourist map,5
gilgit baltistan travel agency,5
naran kaghan couple tour packages,5
services offered by naran kaghan tour packages,5
naran kaghan tour packages reviews,5
naran kaghan tour guide map,5
naran kaghan travel time from lahore,5
fairy meadows tour packages,5
deosai plains tour,5
northern areas for trip,5
skardu tour packages by air from islamabad,4
skardu tour from dubai,4
skardu trip from multan,4
skardu tour in december,4
skardu tour on bike,4
skardu tour guide,4
skardu trip in october,4
skardu trip in december,4
skardu trip packages from islamabad,4
hunza trip from peshawar,4
hunza trip from sialkot,4
hunza travel from lahore,4
hunza trip from multan,4
hunza trip from islamabad by road,4
hunza trip package,4
tour packages for gilgit baltistan,4
gilgit baltistan tourism department contact number,4
gilgit baltistan travel advisory,4
gilgit baltistan travel packages,4
naran kaghan tour packages 2026,4
naran kaghan tour packages 2025 from islamabad,4
naran kaghan family tour package 2025,4
naran kaghan valley tour packages,4
naran kaghan tour cost,4
naran kaghan 3 days tour,4
naran kaghan travel time from islamabad,4
fairy meadows travel packages,4
fairy meadows tour,4
fairy meadows tour guide,4
fairy meadows trip,4
fairy meadows trip cost from lahore,4
deosai tourist places,4
northern territory holiday packages including flights,4
northern areas of pakistan tour packages 2026,4
northern areas tour from lahore,4
northern areas trip dress ideas,4
northern areas tour pakistan,4
skardu group tour packages,3
skardu valley tour packages,3
skardu tour,3
skardu tour by road,3
skardu trip price,3
skardu tour reviews,3
skardu trip dressing,3
gilgit skardu tour package,3
skardu trip in november,3
skardu trip from faisalabad,3
skardu trip by road,3
skardu travel by road,3
skardu tour package from karachi,3
skardu tour package from lahore,3
skardu tour package from islamabad,3
skardu tour package by air,3
karachi to skardu tour package price,3
hunza valley tour packages from malaysia,3
3 days hunza tour packages,3
5 days hunza tour packages,3
hunza tour,3
hunza tour price,3
hunza trip price,3
hunza trip 5 days,3
hunza 5 days tour,3
hunza tour package from lahore,3
hunza tour package from karachi,3
gilgit tourist places,3
gilgit tour,3
gilgit tourism,3
gilgit hunza trip,3
gilgit baltistan road trip,3
gilgit baltistan travel agency rawalpindi,3
naran kaghan family tour package 2024,3
naran kaghan tour,3
naran kaghan tour company,3
naran kaghan tour expenses,3
naran kaghan tour guide,3
naran kaghan tour map,3
naran kaghan tour packages 2025,3
naran kaghan tour operators,3
naran kaghan trip cost,3
naran kaghan travel guide,3
fairy meadows day trip,3
fairy meadows travel guide,3
fairy meadows trip from karachi,3
fairy meadows tour from lahore,3
fairy meadows tour pakistan,3
fairy meadows travel time,3
fairy meadows trip package,3
fairy meadows trip from islamabad,3
deosai tour,3
deosai tourist spot,3
deosai trip,3
deosai national park tour,3
gilgit baltistan tourist places,3
gilgit baltistan tourism,3
gilgit baltistan tourism club lahore reviews,3
gilgit baltistan tour map,3
northern territory holiday packages including flights from melbourne,3
northern areas of pakistan tour packages 2025,3
pakistan northern areas tour packages,3
northern areas tour,3
northern areas tour guide,3
northern territory tourist attractions,3
northern territory tourism slogan,3
northern areas trip pakistan,3
northern territory trip with kids,3
northern arizona trip ideas,3
best skardu tour packages,2
skardu tour packages 2025 from islamabad,2
skardu tour packages from pakistan,2
skardu tourism club,2
skardu trip from peshawar,2
skardu trip from sialkot,2
skardu tour price,2
skardu tour cost,2
skardu day trip,2
skardu 7 days tour,2
skardu air tour,2
skardu bike tour,2
skardu trip booking,2
skardu trip budget,2
skardu tourism club reviews,2
skardu tour expenses,2
skardu group tour,2
skardu trip guide,2
skardu group trip,2
skardu honeymoon trip,2
skardu tour itinerary,2
skardu trip itinerary,2
skardu tour lahore,2
skardu tour map,2
skardu tour packages 2025,2
skardu tour operators,2
skardu road trip,2
skardu round trip,2
skardu valley tour,2
skardu winter tour,2
skardu trip planner,2
skardu by air trip price,2
skardu 3 days trip,2
skardu 5 days trip,2
skardu 7 days trip,2
skardu travel and tours,2
skardu trip from islamabad by air,2
skardu trip from lahore by road,2
hunza tour packages 2025,2
hunza tour packages lahore,2
hunza valley tour packages,2
hunza tour points,2
hunza blossom tour 2026,2
hunza cherry blossom tour 2026,2
hunza autumn tour,2
hunza autumn tour 2025,2
hunza adventure tour,2
hunza travel agency,2
hunza travel advisory,2
hunza travel and tourism,2
hunza travel and tours,2
hunza couple tour,2
hunza couple tour packages,2
hunza tour guide,2
hunza travel guide,2
hunza valley tour from islamabad,2
hunza valley tour from lahore,2
tour hunza skardu,2
tour hunza valley,2
hunza trip,2
hunza travel,2
hunza tour places,2
hunza road trip,2
hunza travel services,2
hunza travel time,2
hunza travel time from lahore,2
hunza travel time from islamabad,2
hunza valley tour,2
hunza trip itinerary,2
hunza 3 days trip,2
hunza valley travel packages,2
gilgit baltistan tour packages,2
islamabad to gilgit tour packages,2
gilgit tourism department,2
gilgit tourist map,2
gilgit tourist helpline number,2
gilgit tours from islamabad,2
gilgit baltistan tourism club,2
gilgit baltistan tourism cancellations,2
gilgit baltistan tourist destinations,2
gilgit baltistan tourist helpline,2
gilgit baltistan tourism impacted by tensions,2
tour gilgit baltistan,2
tourism gilgit baltistan,2
gilgit tour places,2
gilgit baltistan tourism x,2
gilgit baltistan trip,2
gilgit.baltistan travel.advice,2
gilgit baltistan travel,2
gilgit travel packages,2
naran kaghan family tour packages,2
naran kaghan tour packages photos,2
naran kaghan tour package,2
3 days naran kaghan group tour,2
naran kaghan group tour,2
naran kaghan tour places,2
naran kaghan road trip,2
naran kaghan tour places to visit,2
naran kaghan valley tour,2
naran kaghan trip packages,2
naran kaghan trip price,2
naran kaghan travel advisory,2
naran kaghan travel time,2
naran kaghan tour package from lahore,2
fairy meadows tour package,2
fairy meadows group tour,2
fairy meadows hut trip,2
fairy meadows trip plan,2
fairy meadows trip price,2
fairy meadows tour package from lahore,2
deosai tour package,2
gilgit.baltistan travel safety,2
northern territory tour packages,2
northern lights trip cost,2
northern areas of pakistan tour packages,2
northern areas of pakistan tour packages 2024,2
islamabad to northern areas tour packages,2
northern areas tourist map,2
northern territory tours from darwin,2
northern areas tour package,2
northern areas trip package,2
northern territory tours for seniors,2
northern territory tourism and events,2
northern territory tourist information centre,2
pakistan northern areas tour guide,2
northern territory indigenous tours reviews,2
northern territory tour,2
northern territory tourism,2
pakistan northern areas tour operators,2
northern territory trip itinerary,2
northern territory trip planner,2
northern territory road trip itinerary,2
northern areas travel package,2
skardu honeymoon tour packages,1
tour packages of skardu,1
skardu tour packages from sialkot,1
tour packages to skardu,1
karachi to skardu tour packages,1
family tour packages to skardu,1
lahore to skardu tour packages,1
skardu tourist places,1
skardu tour package,1
best skardu tour,1
3 days skardu tour,1
5 days skardu tour package,1
skardu day tours,1
skardu tour and travel,1
skardu tours & rent a prado prices,1
skardu tours & rent a prado,1
skardu tours & rent a prado photos,1
skardu tours & rent a prado reviews,1
skardu tour company,1
skardu tourism club pk,1
skardu couple tour packages,1
skardu couple tour,1
skardu city tour,1
tour de skardu,1
skardu family tour packages,1
karachi to skardu group tour packages,1
gilgit skardu tour,1
skardu honeymoon tour,1
skardu tourism office,1
tour of skardu,1
tour to skardu,1
tour to skardu by air,1
tour to skardu from lahore,1
skardu trip,1
skardu trip from rawalpindi,1
skardu travel by air,1
skardu travel agency,1
skardu travel advisory,1
skardu travel advice,1
skardu air trip,1
skardu air travel,1
skardu travel blog,1
skardu bike trip,1
skardu trip couple,1
skardu day trips,1
skardu 4 day trip,1
skardu trip expenses,1
skardu travel guide,1
skardu travel group,1
skardu travel from islamabad,1
skardu trip from karachi by road,1
skardu trip from karachi by air,1
skardu trip from karachi price,1
skardu travel lodge,1
skardu trip from lahore price,1
skardu travel from lahore,1
skardu trip plan from lahore,1
skardu travel map,1
skardu trip plan,1
skardu trip packages,1
skardu trip reddit,1
islamabad to skardu road trip,1
lahore to skardu road trip,1
karachi to skardu road trip,1
lahore to skardu round trip ticket price,1
islamabad to skardu round trip,1
skardu travel time from lahore,1
skardu travel time from islamabad,1
trip to skardu,1
trip to skardu from islamabad,1
trip to skardu from lahore,1
trip to skardu from karachi,1
trip to skardu by air,1
trip to skardu cost,1
skardu valley trip,1
skardu travel packages,1
skardu vacation packages,1
skardu package from islamabad,1
skardu package from karachi,1
skardu package from lahore,1
tour packages to hunza,1
faisalabad to hunza tour packages,1
lahore to hunza tour packages,1
hunza valley tour packages 2026,1
hunza tourist places,1
hunza tourism club,1
hunza tourism,1
hunza tourist points,1
hunza tour package,1
hunza valley tour price,1
3 day hunza tour,1
hunza trek and tour,1
hunza blossom tour,1
hunza travel blog,1
hunza cherry blossom tour,1
tour de hunza,1
hunza family tour packages,1
hunza tour itinerary,1
hunza fairy meadows tour,1
tour of hunza valley,1
hunza adventure tours reviews,1
hunza trek & tours,1
tour to hunza,1
tour to hunza from lahore,1
tour to hunza valley,1
hunza unique tours,1
hunza valley tour guide,1
hunza valley tours pakistan,1
hunza trip plan,1
hunza trip guide,1
hunza tours from islamabad,1
hunza 7 day trip,1
trip ke hunza valley,1
islamabad to hunza road trip,1
trip to hunza,1
trip to hunza from lahore,1
trip to hunza from islamabad,1
trip to hunza from karachi,1
trip to hunza and skardu,1
trip to hunza valley,1
hunza valley trip,1
hunza valley travel,1
hunza valley travel guide,1
hunza travel packages,1
hunza packages from karachi,1
hunza packages from lahore,1
tour package from islamabad to hunza,1
gilgit tour packages,1
lahore to gilgit tour packages,1
gilgit tourist point,1
gilgit city tourist places,1
tour de gilgit,1
gilgit tour guide,1
gilgit hunza tour,1
tour of gilgit,1
gilgit tourist police,1
gilgit pakistan tourism,1
ultimate adventure tour gilgit reviews,1
gilgit hunza and skardu tour,1
tour to gilgit baltistan,1
tour to gilgit,1
gilgit trip,1
tripadvisor gilgit,1
tripadvisor gilgit baltistan,1
islamabad to gilgit trip,1
gilgit travel agency,1
gilgit travel advisory,1
islamabad to gilgit road trip,1
trip to gilgit,1
honeymoon tour packages naran kaghan,1
karachi to naran kaghan tour packages,1
lahore to naran kaghan tour packages,1
islamabad to naran kaghan tour packages,1
tour packages to naran kaghan,1
naran kaghan tourist places,1
naran kaghan tourist police contact number,1
naran kaghan tourist map,1
murree naran kaghan tour,1
tour of naran kaghan,1
naran kaghan tourist spots,1
naran kaghan trip,1
naran kaghan 3 day trip,1
naran kaghan family trip,1
naran kaghan travel packages,1
naran kaghan tour plan,1
naran kaghan tour points,1
naran kaghan tour pics,1
lahore to fairy meadows tour packages,1
fairy meadows travel agency,1
fairy meadows travel and tours,1
fairy meadow travel agent,1
deosai national park tours,1
deosai national park trip,1
deosai travel service skardu,1
trip to deosai,1
trip to deosai national park,1
gilgit baltistan map for tourist,1
gilgit baltistan tour guide,1
gilgit baltistan tourist places list,1
gilgit baltistan tours pvt ltd,1
gilgit baltistan tourism revenue,1
gilgit baltistan tours and rent a car,1
gilgit baltistan travel guide,1
northern area travel packages,1
northern territory tourism packages,1
northern territory holiday packages 2026,1
northern pakistan tour packages for family,1
tour packages in pakistan northern areas,1
cheap tour packages for northern areas of pakistan,1
multan to northern areas tour packages,1
tour packages to northern areas of pakistan,1
northern territory tours from melbourne,1
northern territory tour australia,1
northern territory tourism ad,1
northern territory tourism awards,1
northern region tourist attractions,1
northern territory tourism activities,1
northern territory tourism.authority,1
northern territory adventure tours,1
northern territory australia tourism,1
northern territory tourist bureau,1
northern territory tourism brochures,1
northern territory tourism board,1
northern territory bird tours,1
northern territory bus tours,1
northern territory tourism campaign,1
northern territory crocodile tour,1
northern territory camping tours,1
northern region futurity tour,1
northern territory group tour,1
northern territory guided tours,1
northern territory hiking tours,1
northern territory helicopter tours,1
northern territory tourist information,1
northern territory tourist information centre phone number,1
northern territory tourism industry council,1
northern territory indigenous tour,1
northern tourist places in india,1
northern tourist places in pakistan,1
northern territory indigenous tours photos,1
northern territory tourism jobs,1
northern live tour dates,1
northern territory kakadu tours,1
northern territory tourism logo,1
northern territory tourist map,1
pakistan northern areas tourist map pdf,1
pakistan northern areas tourist map,1
northern territory outback tours,1
tour to northern areas of pakistan,1
northern region tourist site,1
tour to northern areas,1
northern territory uluru tours,1
northern territory tourism website,1
northern territory walking tours,1
northern areas trip,1
northern territory trips,1
northern area travel agency,1
northern territory travel agents,1
northern territory australia trip,1
northern territory australia travel,1
northern territory caravan trip,1
northern territory travel deals,1
northern territory fishing trips,1
northern territory travel guide,1
pakistan northern areas travel guide,1
northern areas tour map,1
northern territory travel map,1
northern territory road trip map,1
northern areas tour operators,1
trip to northern areas of pakistan,1
trip to northern areas of pakistan essay,1
northern territory road trip,1
karachi to northern areas trip,1
northern territory travel packages,1
northern area of pakistan travel packages,1
northern lights tour package from bangalore,1
northern lights tour package from chennai,1
northern lights tour package from dubai,1
northern lights tour package from.delhi,1
northern lights tour package from germany,1
northern lights tour packages from india,1
northern lights tour packages from india price,1
northern lights tour packages from india including flight,1
northern lights tour packages from ireland,1
northern lights tour package from kolkata,1
northern lights tour package from kerala,1
northern ireland tour packages from london,1
northern lights tour package from mumbai,1
northern lights tour package from philippines,1
northern lights tour package from singapore,1
northern lights tour packages from toronto,1
northern lights tour package from uk,1
northern lights tour packages from usa,1
northern ireland tour packages from uk,1
