operator,website,domain,pages
10Adventures,https://www.10adventures.com,10adventures.com,trek:hushe-valley; trek:nanga-parbat-base-camp
8K Expeditions,https://8kexpeditions.com,8kexpeditions.com,trek:k2-base-camp
Baltistan Tours,https://baltistantours.com,baltistantours.com,tour:chitral; tour:naran-kaghan
Baltoro Adventures,https://baltoroadventures.com,baltoroadventures.com,trek:spantik-base-camp
Broad Peak Adventures,https://broadpeakadventures.com,broadpeakadventures.com,trek:gondogoro-la
Beyond the Valley,https://btvadventures.com,btvadventures.com,trek:hushe-valley
Chog Lingsa Adventures,https://chogholingsa.com,chogholingsa.com,trek:nanga-parbat-rupal-face; trek:rakaposhi-base-camp
Chogori Adventure,https://chogoriadventure.com,chogoriadventure.com,trek:biafo-hispar-snow-lake; trek:concordia; trek:gondogoro-la; trek:k2-base-camp; trek:laila-peak-base-camp; trek:spantik-base-camp
Epic Expeditions,https://epicexpeditions.co,epicexpeditions.co,trek:biafo-hispar-snow-lake; trek:k2-base-camp
Hunza Adventure Tours,https://hunzaadventuretours.com,hunzaadventuretours.com,tour:fairy-meadows; trek:concordia; trek:karambar-lake; trek:rakaposhi-base-camp
Hunza Explorer,https://hunzaexplorer.com,hunzaexplorer.com,trek:rakaposhi-base-camp
Hunza Explorers,https://hunzaexplorers.com,hunzaexplorers.com,tour:chitral; tour:fairy-meadows
Hunza Guides Pakistan,https://hunzaguidespakistan.com,hunzaguidespakistan.com,trek:biafo-hispar-snow-lake; trek:concordia; trek:gondogoro-la; trek:hushe-valley; trek:k2-base-camp; trek:masherbrum-base-camp; trek:nanga-parbat-rupal-face; trek:rakaposhi-base-camp; trek:rush-lake; trek:spantik-base-camp
Ian Taylor Trekking,https://iantaylortrekking.com,iantaylortrekking.com,trek:k2-base-camp
Inspire Karakoram,https://inspirekarakoram.com,inspirekarakoram.com,trek:laila-peak-base-camp
K2 Base Camp Trekking,https://www.k2basecamptrekking.com,k2basecamptrekking.com,trek:concordia; trek:gondogoro-la
K2 Base Camp Treks,https://k2basecamptreks.com,k2basecamptreks.com,trek:biafo-hispar-snow-lake; trek:gondogoro-la
K2 Climbers,https://k2climbers.com,k2climbers.com,trek:haramosh-kutwal-lake
K2 Trekking and Expedition,https://k2trekkingandexpedition.com,k2trekkingandexpedition.com,trek:haramosh-kutwal-lake
Karakoram Backpackers,https://karakorambackpackers.com,karakorambackpackers.com,trek:haramosh-kutwal-lake
Karakoram Trails,https://www.karakoramtrails.com,karakoramtrails.com,trek:rush-lake
Karakoram Treks,https://karakoramtreks.com,karakoramtreks.com,trek:spantik-base-camp
Karakorum Adventure,https://karakorumadventure.com.pk,karakorumadventure.com.pk,trek:masherbrum-base-camp
Karakorum Expedition,https://www.karakorumexpedition.com,karakorumexpedition.com,trek:rush-lake
Karakorum Guides,https://www.karakorumguides.com,karakorumguides.com,trek:karambar-lake
Machulo Treks & Tours,https://machulo.com.pk,machulo.com.pk,trek:hushe-valley
Mission Summit Treks,https://www.missionsummittreks.com,missionsummittreks.com,trek:k2-base-camp
Mountain Tiger,https://mountaintiger.com.pk,mountaintiger.com.pk,trek:rush-lake
Moving Mountains,https://www.movingmntns.com,movingmntns.com,trek:biafo-hispar-snow-lake
NAMAS Adventure,https://www.namasadventure.com,namasadventure.com,trek:spantik-base-camp
Naran Kaghan Tours,https://narankaghantours.com,narankaghantours.com,tour:gilgit; tour:naran-kaghan; tour:skardu
Nature Hike Pakistan,https://naturehikepakistan.pk,naturehikepakistan.pk,trek:naltar-lakes
Pakistan Travel Places,https://pakistantravelplaces.com,pakistantravelplaces.com,tour:chitral; tour:gilgit; tour:hunza; tour:naran-kaghan; tour:skardu
PakVoyager,https://www.pakvoyager.com,pakvoyager.com,trek:rush-lake
Peak and Peace Tours,https://peakandpeacetours.com,peakandpeacetours.com,trek:nanga-parbat-rupal-face
Saltoro Summits,https://saltorosummits.com,saltorosummits.com,trek:hushe-valley; trek:karambar-lake
Skardu Trekkers,https://skardutrekkers.com,skardutrekkers.com,trek:concordia; trek:k2-base-camp; trek:laila-peak-base-camp; trek:masherbrum-base-camp; trek:nanga-parbat-base-camp; trek:rakaposhi-base-camp
SummitClimb,https://summitclimb.com,summitclimb.com,trek:concordia; trek:gondogoro-la; trek:k2-base-camp
Summit Karakoram,https://www.summitkarakoram.com,summitkarakoram.com,trek:nanga-parbat-rupal-face
The Mountain Company,https://www.themountaincompany.co.uk,themountaincompany.co.uk,trek:biafo-hispar-snow-lake
Beyond the Valley,https://tourhub.co/o/beyond-the-valley-llp,tourhub.co,trek:masherbrum-base-camp
Exploria,https://www.tourradar.com,tourradar.com,trek:nanga-parbat-base-camp
TourRangers,https://tourrangers.pk,tourrangers.pk,trek:haramosh-kutwal-lake; trek:karambar-lake
Trango Adventure,https://trangoadventure.com,trangoadventure.com,trek:biafo-hispar-snow-lake; trek:concordia; trek:gondogoro-la; trek:k2-base-camp; trek:nanga-parbat-base-camp; trek:spantik-base-camp
Travel & Culture Services,https://www.travel-culture.com,travel-culture.com,trek:masherbrum-base-camp
Tripako,https://tripako.com,tripako.com,trek:naltar-lakes
TripMaker,https://tripmaker.pk,tripmaker.pk,trek:nanga-parbat-base-camp
Trips.pk,https://www.trips.pk,trips.pk,trek:naltar-lakes
Visit In Pakistan,https://visitinpakistan.com,visitinpakistan.com,trek:laila-peak-base-camp
Weekend Vikings,https://www.weekendvikings.com,weekendvikings.com,trek:naltar-lakes
